R-Sqaured,Intercept,Slope,Formula
0.0038536695896120854,0.5333456074856759,1.879686828085648,wins = ([1.87968683]*FT_PCT) + 0.5333456074856759
